global_step,eval_loss,train_loss
703,1.7111492536284707,1.6690598726272583
1406,1.787231762300838,1.183562159538269
